text,created_at,geo,lang,place,coordinates,user.favourites_count,user.statuses_count,user.description,user.location,user.id,user.created_at,user.verified,user.following,user.url,user.listed_count,user.followers_count,user.default_profile_image,user.utc_offset,user.friends_count,user.default_profile,user.name,user.lang,user.screen_name,user.geo_enabled,user.profile_background_color,user.profile_image_url,user.time_zone,id,favorite_count,retweeted,source,favorited,retweet_count
"@therealsnorky Excuses don't work matey whatever it is you need to strengthen it. Coding is secondary, it's the fuc‚Ä¶ https://t.co/K1u7fjNr7L",2018-10-25 16:07:17,,en,,,19044,40533,"[Ex Komitet gosudarstvennoy bezopasnosti Agente]
felix qui potuit rerum cognoscere causas*
Fu√üball-Club St Pauli von 1910 e.V.","Dera Ismail Khan, Pakistan",3188573744,2015-05-08 09:25:56,False,False,,11,263,False,,896,True,u‚ò≠…• û s·¥â…•∆Éu«ù∆É,en,CO13A1N,True,C0DEED,http://pbs.twimg.com/profile_images/1043821047374651393/obwYqhNW_normal.jpg,,1055490994529923072,0,False,Twitter for Android,False,0
"one of our data scientists is walking me through installing tensorflow/keras...turns out that ""conda create -n tens‚Ä¶ https://t.co/4miNqeqeUI",2018-10-25 16:07:24,,en,,,5550,1898,"Founder of the slow analytics movement; hand-crafted, artisinal analytics reporting made with love and lots of finger counting.","Colorado, USA",14925432,2008-05-27 20:53:15,False,False,http://measureallthethin.gs,36,289,False,,1029,False,Adrian Palacios,en,measurestuff,True,FFFFFF,http://pbs.twimg.com/profile_images/852338876056297472/bfWOaAiJ_normal.jpg,,1055491021591715840,0,False,Twitter Web Client,False,0
"Many new object templates added in MISP related to forensic analysis such as mactime, tsk @sleuthkit , regripper an‚Ä¶ https://t.co/UJAk6W3nBz",2018-10-25 16:07:56,,en,,,2346,2104,"MISP - Malware Information Sharing Platform & Threat Sharing. An open source software and standards to share, create and validate threatintel.",Worldwide,715090264512180224,2016-03-30 08:16:19,False,False,https://github.com/MISP/MISP,154,7500,False,,48,True,MISP,en,MISPProject,False,F5F8FA,http://pbs.twimg.com/profile_images/715092306068692992/SZDQWdTF_normal.jpg,,1055491157319409664,0,False,Twitter Web Client,False,0
.@EricIdle's boyhood was quite an extraordinary one.  He tells @JesseThorn about his mother's struggles after his f‚Ä¶ https://t.co/KU36FhwqVD,2018-10-25 16:08:00,,en,,,3209,3341,"Bullseye from @NPR and @MaxFunHQ is your guide to the good stuff in popular culture. On the radio, at http://MaximumFun.org or free in iTunes.","Los Angeles, CA",449336156,2011-12-29 00:54:52,False,False,http://www.maximumfun.org,241,9651,False,,660,False,Bullseye,en,Bullseye,False,C0DEED,http://pbs.twimg.com/profile_images/2815543555/634c80d23aa66c9499d17f1dbb5ef331_normal.jpeg,,1055491173698158593,0,False,TweetDeck,False,0
Tengo que realizar varias pr√°cticas de Redes Neuronales y no dispongo de mucho tiempo. ¬øAlguien me aconseja Python‚Ä¶ https://t.co/bPwRJWOwdW,2018-10-25 16:08:11,,es,,,20321,22737,Ingenier√≠a Inform√°tica fan√°tica de los productos de la manzana mordida. http://edelsteineblog.wordpress.com,Granada,738615896,2012-08-05 13:50:34,False,False,http://Instagram.com/iGecofer,20,752,False,,589,False,Gema Correa,es,iGecofer,True,DBE9ED,http://pbs.twimg.com/profile_images/1026239054067773442/EQZj95G0_normal.jpg,,1055491221370687489,0,False,Twitter Web Client,False,0
ok so i am playing around with rust after a year of fooling around with python and go. And TBH readjusting to semi colons is hard.,2018-10-25 16:08:22,,en,,,1917,1865,not here////,Karachi.,804168953325088768,2016-12-01 03:43:14,False,False,http://Instagram.com/badukulelecover,1,62,False,,69,False,TM·¥¨·µà·µâ·µâÀ°,en,badukulelecover,False,000000,http://pbs.twimg.com/profile_images/1055399175603535873/zXoEUaSE_normal.jpg,,1055491264114765824,0,False,Twitter Web Client,False,0
"Python Scripting for Hackers, Part 3: Building an FTP Password Cracker #python #python4hackers #cybersecurity‚Ä¶ https://t.co/4DAYWUHjIK",2018-10-25 16:08:33,,en,,,212,9660,"IT Security Professional, Forensic investigator, former college  professor and Hacker for Information Freedom and Social Justice. Visit me at https://t.co/E5vNqCWSFJ",,443369826,2011-12-22 03:33:54,False,False,,288,24645,False,,27015,True,OccupytheWeb,en,three_cube,False,C0DEED,http://pbs.twimg.com/profile_images/378800000080433150/15a3611a51ea416c857ba088cdff7d78_normal.jpeg,,1055491313154449408,0,False,Twitter Web Client,False,0
How To Wear All Things Animal Print Leopard And Python on #blog #leopard print &amp; be #classy #ukbiz #handbag‚Ä¶ https://t.co/1Ehm5K22ZZ,2018-10-25 16:08:44,,en,,,9539,55505,"Attavanti is an exciting online shop supplying Italian leather designer handbags, briefcases and accessories.
@Jacqueline_Gold #WOW @TheoPaphitis #sbs winner",Worcester England,482164086,2012-02-03 16:03:19,False,False,http://www.attavanti.com,478,15277,False,,13921,False,Attavanti,en,Attavanti_com,True,200900,http://pbs.twimg.com/profile_images/413362997961048064/be_dpChN_normal.jpeg,,1055491359413600257,0,False,Twitter Web Client,False,0
Omg how do people like python,2018-10-25 16:08:47,,en,,,37597,21707,(Ôæâ‚óï„ÉÆ‚óï)Ôæâ*:ÔΩ•Ôæü‚úß | UofG ‚Äò22 SENG | üè≥Ô∏è‚Äçüåà,~/,98661836,2009-12-22 15:51:24,False,False,http://steamcommunity.com/id/hydranoid620/wishlist/,8,194,False,,285,False,Hydra,en,Hydranoid620,True,40FF00,http://pbs.twimg.com/profile_images/1013421431340847105/do7CbcZk_normal.jpg,,1055491370620674048,0,False,Twitter for iPhone,False,0
"@Skeeterson1 Ah gros je les comprends, python c‚Äôest terrible",2018-10-25 16:08:49,,fr,,,11360,70274,"Aujourd‚Äôhui je suis √©tudiant, demain je serai salari√©. Aujourd‚Äôhui je suis esclave, demain je serai esclave. @Langston_junior @osoarrogantz @Deathwishbro","Paris, France",237820730,2011-01-13 18:21:11,False,False,,49,1837,False,,610,False,Steve,fr,Veusti75,False,C0DEED,http://pbs.twimg.com/profile_images/1053442971625029632/P_YUsIRW_normal.jpg,,1055491378690641920,0,False,Twitter for iPhone,False,0
funny thing about python: it's more complicated writing code that's compatible between py3.6/7 and py3.3 than between py 3.6/7 and py 2.x.,2018-10-25 16:08:57,,en,,,28678,28148,"Physicist playing a computer scientist. Ocasional ramblings about OSs, containers, networking, et al. He/Him.",/proc,265463749,2011-03-13 15:47:57,False,False,https://github.com/alejandrox1,288,1769,False,,3314,False,gcc -ffreestanding -g -O1 -std=gnu11 -Wall -Werror,en,X1alejandro3x,True,000000,http://pbs.twimg.com/profile_images/1046054972545269760/f9F5uBJ2_normal.jpg,,1055491412182077441,0,False,Twitter Web Client,False,0
"To build web apps using Django, you need to be familiar with the Python programming language.‚Ä¶ https://t.co/iZcVMgViaw",2018-10-25 16:09:10,,en,,,93588,9318,"Future Hosting provides an unsurpassed level of service for #VPS and dedicated server applications, available at locations worldwide.","Novi, MI",65265593,2009-08-13 03:48:46,False,False,http://www.futurehosting.com,132,1549,False,,326,False,Future Hosting,en,fhsales,False,000000,http://pbs.twimg.com/profile_images/621063273316642816/RWIORV_a_normal.png,,1055491466116653057,0,False,Sprout Social,False,0
@tribelaw @JohnBrennan Make sense? Trump is the lead fool in his own Monty Python Film. ‚ÄúBrave Sir Donny takes on t‚Ä¶ https://t.co/DXhL660VxI,2018-10-25 16:09:18,,en,,,25377,17605,,"Florida, NY",20158874,2009-02-05 15:58:25,False,False,,15,199,False,,447,True,Chancgardner,en,pattigee,False,C0DEED,http://pbs.twimg.com/profile_images/1047811512256086016/TE-OOJ11_normal.jpg,,1055491498639286274,0,False,Twitter for iPhone,False,0
"For years, I've been using hand-rolled python scripts to extract data from IDA. Today I discovered that this functi‚Ä¶ https://t.co/qmgigaXYVC",2018-10-25 16:09:19,,en,,,2423,2306,Adversary Hunter at @DragosInc. Lead #Malware Analyst on TRISIS. Spend my days (and nights) searching for and tearing apart #ICS threats.,"Baltimore, MD",29746779,2009-04-08 15:58:27,False,False,,33,1339,False,,444,False,Jimmy Wylie,en,mayahustle,False,000000,http://pbs.twimg.com/profile_images/941739656273637377/V-i1U5Wi_normal.jpg,,1055491503131410432,0,False,Twitter Web Client,False,0
"Free course of #python by @kaggle 
https://t.co/7QG11aZ2kj https://t.co/xlqKmMAuXQ",2018-10-25 16:09:29,,en,,,707,906,"Software developer (Web & Mobile), SQL & NoSQL fan, IT Trainer, Microsoft Certified Trainer",Santa Cruz de Tenerife,377283217,2011-09-21 10:00:33,False,False,,68,131,False,,164,False,Pedro Mart√≠n,es,pmargomez,False,000000,http://pbs.twimg.com/profile_images/1004316693970214913/54lgojsz_normal.jpg,,1055491547372945410,0,False,Twitter Web Client,False,0
New #job: Python Engineer - Tygervalley Location: Cape Town .. https://t.co/fLH5Vku96C #MSBI #BI,2018-10-25 16:09:48,,en,,,0,948,"Microsoft #Business Intelligence News, Views & #Jobs from @NigelFrank Global Leaders in Permanent & Freelance Microsoft Technology Recruitment #MSBI","UK, USA, Australia, S'Pore",2902176431,2014-12-02 11:10:00,False,False,http://www.nigelfrank.com/en/microsoft_bi_jobs,1,47,False,,45,True,Microsoft BI Jobs,en,MSBIJobs,False,C0DEED,http://pbs.twimg.com/profile_images/539738802994966528/BVbyEsss_normal.png,,1055491625294667776,0,False,Adcourier,False,0
New #job: Python Engineer - Tygervalley Location: Cape Town .. https://t.co/03yzvfAA4T #Java #Jobs #jobs #hiring,2018-10-25 16:09:50,,en,,,0,6449,"#Java and #OpenSource #Jobs from @PearsonFrank_, the Niche Global Recruiter Recruiting for the Best Developers & Programmers. #WebDevelopers #WebDevelopment","UK, EMEA, US",2872166175,2014-11-11 11:52:47,False,False,https://www.pearsonfrank.com/java-jobs,10,56,False,,36,True,Java Jobs PFI,en,JavaJobs_PFI,False,C0DEED,http://pbs.twimg.com/profile_images/1052874733304274944/jyTZZUXh_normal.jpg,,1055491632991268865,0,False,Adcourier,False,0
"Trilha Python
Venha descobrir as infinitas √°reas e possibilidades com Python

S√°bado, 8 de Dezembro de 2018
10h √†s‚Ä¶ https://t.co/hcDOsyvog8",2018-10-25 16:10:00,,pt,,,5275,15025,Confer√™ncia multi thread desenvolvida por e para comunidades de Tecnologia e temas agregados. :),Brazil,309788191,2011-06-02 17:31:25,False,False,http://www.thedevelopersconference.com.br,348,8141,False,,65,False,TDC2018,pt,TheDevConf,False,FCFCFC,http://pbs.twimg.com/profile_images/579985773610532864/cVI4GFs4_normal.png,,1055491676192423937,0,False,TweetDeck,False,0
"Data Scientist at Boxy Charm (Miami, FL; Fort Lauderdale, FL) https://t.co/p4E2Vjt8Rc #python",2018-10-25 16:10:00,,en,,,390,172058,"Stack Overflow Jobs is the official careers platform of Stack Overflow, the #1 Q&A site built by programmers, for programmers.",,190626981,2010-09-14 12:53:24,False,False,http://stackoverflow.com/jobs,2144,18496,False,,321,False,Stack Overflow Jobs,en,StackDevJobs,False,FBFBFB,http://pbs.twimg.com/profile_images/643779014268579840/bRJStj7A_normal.png,,1055491677266366465,0,False,Careers 2.0 bot,False,0
brewblox-devcon-spark 0.3.1.dev101 #Python https://t.co/OIWUpMu7zP via @krachik,2018-10-25 16:10:01,,und,,,72,37154,,shell,172833879,2010-07-30 18:40:52,False,False,http://krachik.com,91,476,False,,765,False,krachik,fr,krachik,False,000000,http://pbs.twimg.com/profile_images/1009158432094638080/4nia943X_normal.png,,1055491682035253248,0,False,krachik.com news,False,0
Hey @UofT ! Check out the Python and ArcGIS workshop! Make your mapping life easier! #mapmore #doless #arcpy‚Ä¶ https://t.co/gjqtZOpLbL,2018-10-25 16:10:09,,en,"Place(_api=None, id='3797791ff9c0e4c6', url='https://api.twitter.com/1.1/geo/id/3797791ff9c0e4c6.json', place_type='city', name='Toronto', full_name='Toronto, Ontario', country_code='CA', country='Canada', bounding_box=BoundingBox(_api=None, type='Polygon', coordinates=[[[-79.639319, 43.403221], [-79.639319, 43.855401], [-78.90582, 43.855401], [-78.90582, 43.403221]]]), attributes={})",,645,109,Student-led group @UofT bridging the health-geography knowledge gap. We share UofT events and intl health-geo news and innovations. Tag #GeoHealthNetwork.,"Toronto, Ontario",1022491911804858368,2018-07-26 14:40:43,False,False,https://www.geohealthnetwork.com/,0,188,False,,860,False,GeoHealth Network,en,GeoHlthNetwork,True,000000,http://pbs.twimg.com/profile_images/1027568357179109376/drvsL7Ph_normal.jpg,,1055491713710546945,0,False,Twitter for Android,False,0
"Want to learn the latest technologies for building great web applications?
Enrol in
#Python and #Django FullStack W‚Ä¶ https://t.co/f4hQGy11Jv",2018-10-25 16:10:09,,en,,,2608,39604,"#SocialMedia #Manager & #lifelonglearning enthusiast! Can help you create, sustain, grow meaningful social media accounts & motivate you never stop #learning üìö","Bradford, Yorkshire",134434122,2010-04-18 11:58:09,False,False,https://media4you.social/career-development.html,346,14546,False,,12223,False,Lily's Social Media and Online Training,en,byLilyV,True,C3D4D1,http://pbs.twimg.com/profile_images/1051870815313166337/QudQyZd5_normal.jpg,,1055491714616582144,0,False,SocialPilot.co,False,0
"Free online course for learning #Python. visit https://t.co/DAzPqkZ9P9
#skillingpakistan",2018-10-25 16:10:25,,en,,,0,16,"Online Edtech platform for imparting 4IR Skills through customized local contenty #Python, #Programing",Pakistan,1036185988970762240,2018-09-02 09:36:05,False,False,http://skillpak.com,0,1,False,,0,True,SkillPak.com,en,PakSkill,False,F5F8FA,http://pbs.twimg.com/profile_images/1054001998981402626/l5MYIv88_normal.jpg,,1055491782421688320,0,False,Twitter for Android,False,0
Free course of #python by @kaggle #MachineLearning https://t.co/7QG11aZ2kj https://t.co/MGzOaKsc4t,2018-10-25 16:10:33,,en,,,707,906,"Software developer (Web & Mobile), SQL & NoSQL fan, IT Trainer, Microsoft Certified Trainer",Santa Cruz de Tenerife,377283217,2011-09-21 10:00:33,False,False,,68,131,False,,164,False,Pedro Mart√≠n,es,pmargomez,False,000000,http://pbs.twimg.com/profile_images/1004316693970214913/54lgojsz_normal.jpg,,1055491816315858946,0,False,Twitter Web Client,False,0
"What's new in Azure Media Services video processing - tons of great new enhancements including a new API, a set of‚Ä¶ https://t.co/HhTbF8xDCi",2018-10-25 16:11:01,,en,,,141,6009,"Support & news for Visual Studio subscribers. Visit @VSTS for Visual Studio Team Services status, and don't miss @VisualStudio for current news and info!","Redmond, WA",14952023,2008-05-30 05:34:34,True,False,http://my.visualstudio.com,2008,144199,False,,328,False,VS Subscriptions,en,VSSubscriptions,False,0099B9,http://pbs.twimg.com/profile_images/677910610667962368/CWHMzx-s_normal.png,,1055491934595305472,0,False,Sprinklr Prod2,False,0
Python built in function assignable variable - /u/KEAOX https://t.co/We6OANLWH7,2018-10-25 16:11:05,,en,,,3,20739,I'm a simple bot that will tweet all new posts to the subreddit /r/learnpython.,,956971542436511745,2018-01-26 19:26:10,False,False,https://reddit.com/r/learnpython,0,37,False,,4,False,/r/learnpython bot,en,learnpythonbot,False,000000,http://pbs.twimg.com/profile_images/956972834491953152/OqcYaL9q_normal.jpg,,1055491948004413441,0,False,learnpythonfeed,False,0
"Judge ""Big ol' Mothman"" Python Ph.D",2018-10-25 16:11:09,,en,,,0,32835,Honkin' that brass! A cool cats bot by @tomcreighton.,,805841257020932096,2016-12-05 18:28:22,False,False,,0,12,False,,1,False,Jazz Mans,en,jazzfellas,False,000000,http://pbs.twimg.com/profile_images/807060916709818368/og6hSKOc_normal.jpg,,1055491964320256000,0,False,Jazzmans,False,0
@osmandeniz29 python?,2018-10-25 16:11:10,,cy,"Place(_api=None, id='4721099958829f1a', url='https://api.twitter.com/1.1/geo/id/4721099958829f1a.json', place_type='admin', name='√áankaya', full_name='√áankaya, Ankara', country_code='TR', country='T√ºrkiye', bounding_box=BoundingBox(_api=None, type='Polygon', coordinates=[[[32.692242, 39.786773], [32.692242, 39.9369], [32.99841, 39.9369], [32.99841, 39.786773]]]), attributes={})",,10246,1841,ODT√ú i≈ületme // Pral'18                               √ñnemli i≈üler yapacak bir Slytherinli,k√ºt√ºphane,2882704474,2014-11-18 14:34:58,False,False,,0,63,False,,98,False,Elocan,tr,elocan_kt,True,FFF04D,http://pbs.twimg.com/profile_images/1054363311272288256/saApcTTo_normal.jpg,,1055491968623624194,0,False,Twitter for Android,False,0
"Senior Software Engineer:  Java, Scala, Python, C/C++, Ruby on Rails). Would you like to be actively engage... https://t.co/YQVtA6YSS2",2018-10-25 16:11:27,,en,,,1,63229,"Aggregating Rails, Ruby, and Web Scrapping Jobs all in one site.  Saving Rails developers time and effort.",,849370429794004993,2017-04-04 21:17:45,False,False,,13,404,False,,61,True,Rails Job Hub,en,RailsJobHub,False,F5F8FA,http://pbs.twimg.com/profile_images/850807160279777280/QaSabvZj_normal.jpg,,1055492040845332481,0,False,Rail Job Hub,False,0
"10/27 Python„Éó„É¨„Çº„É≥Â§ß‰ºöÔºÜÂãâÂº∑‰ºö
 https://t.co/BpuXkjrYpf #bosyu

#ÈßÜ„ÅëÂá∫„Åó„Ç®„É≥„Ç∏„Éã„Ç¢„Å®Áπã„Åå„Çä„Åü„ÅÑ #Python #PythonÂãâÂº∑‰∏≠ #„Éó„É≠„Ç∞„É©„Éû„Éº„Å´„Å™„Çå #Êã°Êï£Â∏åÊúõ",2018-10-25 16:11:59,,ja,,,88,26,"Python,HTML,CSS,JavascriptÔºè„Ç®„É≥„Ç∏„Éã„Ç¢„Çπ„ÇØ„Éº„É´ÈÅãÂñ∂Ôºè„Éó„É≠„Ç∞„É©„Éü„É≥„Ç∞„ÅÆ‰∫ã„Å®„ÄÅÂ∫ÉÂ†±„ÅÆ‰∫ãÂëü„Åç„Åæ„Åô
  #„Éó„É≠„Ç∞„É©„Éû„Éº„Å´„Å™„Çå #Â∫ÉÂ†± #Âñ∂Ê•≠„Éû„É≥",Êù±‰∫¨ Ê∏ãË∞∑Âå∫,725511187501211649,2016-04-28 02:25:21,False,False,http://www.creatorshive.net/tokyo-lp/,0,1367,False,,2123,False,harutakaÔº†python„Ç®„É≥„Ç∏„Éã„Ç¢,ja,TechHarutaka,False,000000,http://pbs.twimg.com/profile_images/1020179974630674432/U_H_4e8S_normal.jpg,,1055492174354120704,0,False,Twitter for iPhone,False,0
Naive Bayes from Scratch using Python only ‚Äì No Fancy Frameworks https://t.co/j8o3Y3kfO1,2018-10-25 16:12:05,,en,,,44,62046,"VP, Solution Architecture & Services at UnitedHealth Group ‚Ä¢ Modernizing Healthcare IT #Optum #Docker #Kubernetes #DevOps #FullStack #Cloud *Personal Opinions*","Dallas, TX",19159076,2009-01-18 21:43:54,False,False,http://lopezunwired.com,653,1595,False,,669,False,Paul Lopez,en,lopezunwired,True,CED4DB,http://pbs.twimg.com/profile_images/3326137784/c6c1c2570fc7b9711dd8de812b996a66_normal.jpeg,,1055492203030560769,0,False,dlvr.it,False,0
I liked a @YouTube video https://t.co/8nbaHhj5zQ Flask Tutorial Web Development with Python 2 - Basic site setup,2018-10-25 16:12:18,,en,,,1710,2878,"üíó Al Ahly 4 Ever üíó
Jr Python developer who loves to be happy and sarcastic .
Why so serious ? :D",,2791875016,2014-09-29 14:39:31,False,False,,8,377,False,,723,False,ÿπŸèŸÖŸéÿ±Ÿí ÿ£ŸÅŸéŸÜŸíÿØŸêŸä ÿ≠ÿßŸÅÿ∏,en,3Omar___Afandi,False,000000,http://pbs.twimg.com/profile_images/919162417027997696/9Dx8YkNv_normal.jpg,,1055492254297739271,0,False,Google,False,0
python„ÅßÈñ¢Êï∞Âëº„Å≥Âá∫„Åó‰∏≠„Å´Èñ¢Êï∞Âëº„Å≥Âá∫„Åó„Å¶„ÄÅÂÖÉ„ÄÖÂëº„Å≥Âá∫„Åó„Å¶„ÅüÈñ¢Êï∞„ÅÆÂá¶ÁêÜÊ≠¢„ÇÅ„Å™„ÅÑÊñπÊ≥ï„ÅØÔºüü§îü§îü§îü§îü§îü§îü§î,2018-10-25 16:12:27,,ja,,,1267,330,„Ç≤„Éº„É†„ÅÆ„Ç¢„Ç´„Ç¶„É≥„Éà„ÄÇOW„ÅåÂ§ö„ÅÑ„Å®ÊÄù„ÅÑ„Åæ„Åô„ÄÇ,,902894471360032769,2017-08-30 14:03:11,False,False,,0,60,False,,139,True,„ÅØ„Å™„ÇÑ„Çâ„Çè,ja,hanayarawaakasa,False,F5F8FA,http://pbs.twimg.com/profile_images/1008567614006747136/i6D0BRcb_normal.jpg,,1055492293950627841,0,False,Twitter for iPhone,False,0
webprogramlife #codepen #wplife #Javascript #developer #java #php #instagood #i‚ù§python #python #vscode #node #code‚Ä¶ https://t.co/RtWhC4UXon,2018-10-25 16:12:51,,de,,,4,994,http://vk.com/webprogramlife,"–ú–æ—Å–∫–≤–∞, –†–æ—Å—Å–∏—è",944397434507153408,2017-12-23 02:41:09,False,False,http://www.webprogramlife.ru/,0,14,False,,44,True,wplife,ru,WebGo3,False,F5F8FA,http://pbs.twimg.com/profile_images/944399088711356416/SfdoRctR_normal.jpg,,1055492394701987840,0,False,Instagram,False,0
"A Dutch town has officially opened a 'silly walks' road crossing, in honour of a classic sketch from the 1970s BBC‚Ä¶ https://t.co/IRkHq6uPWp",2018-10-25 16:13:22,,en,,,245,2200,"Knockhundred Translations provides translation, interpreting, subtitling and transcription services to clients in the public and private sectors.","Leominster, England",151544601,2010-06-03 17:06:27,False,False,http://knockhundred.com,203,11667,False,,11831,False,Knockhundred,en,knockhundred,False,F0F0F0,http://pbs.twimg.com/profile_images/920259755469410304/r2LXdqpc_normal.jpg,,1055492524171816960,0,False,Facebook,False,0
"Ok 6pm, right time for announcements. I'm looking for a Python Lead Dev to work with me on a cool product‚Ä¶ https://t.co/yhzdLps4sM",2018-10-25 16:13:39,,en,,,135,991,Computer pianist and professional lumberjack at @ItRlyMattress.,Dark swamp of despair,347829291,2011-08-03 12:41:12,False,False,,3,118,False,,118,False,Etienne,fr,EtienneBatise,False,022330,http://pbs.twimg.com/profile_images/924660887381831680/xQn61xWQ_normal.jpg,,1055492596510965760,0,False,Twitter Web Client,False,0
"@mattgemmell Oh, wow. Did You pay for the replacements? I see You tweeting about Your iPad setup. It is enticing -‚Ä¶ https://t.co/kpuRLjBNez",2018-10-25 16:13:42,,en,,,2623,1800,I‚Äòm somewhere between Nil and Zero.,Berlin,207099265,2010-10-24 14:26:02,False,False,http://bbccd.de,0,32,False,,62,True,bB,de,bbccdde,True,C0DEED,http://pbs.twimg.com/profile_images/933768038918316033/UjcuuNKb_normal.jpg,,1055492608250798082,0,False,Tweetbot for iŒüS,False,0
pythonfinder 1.1.5 https://t.co/IzDSEFZ39n,2018-10-25 16:14:01,,de,,,1,612569,Unofficial bot to flow PyPI recent updates.,,739422728168476673,2016-06-05 11:44:51,False,False,https://github.com/tell-k/pypi-updates,111,587,False,,0,False,PyPI Recent Updates,ja,pypi_updates2,False,000000,http://pbs.twimg.com/profile_images/739434790688956417/KjhAltTQ_normal.jpg,,1055492686365495297,0,False,pypi_updates2,False,0
"The reticulate package makes it possible to embed a Python session within an R process, allowing you to import Pyth‚Ä¶ https://t.co/x18sjQ7iRX",2018-10-25 16:14:04,,en,,,77,449,"PyData Manchester! Monthly python and/or data related meetups!  hosts = ['@jaspajjr', '@JosephAllen1234', '@_JAStark' ]  join our slack https://bit.ly/2v60ieu","Manchester, England",959024054018695168,2018-02-01 11:22:07,False,False,https://www.meetup.com/PyData-Manchester/,7,383,False,,86,False,PyData Manchester,en-gb,PyDataMCR,False,000000,http://pbs.twimg.com/profile_images/1037388842385518592/ERftdURp_normal.jpg,,1055492700684910592,0,False,Buffer,False,0
I am at a strange crossroads in my life. I‚Äôm not sure that Monty Python‚Äôs Flying Circus is funny anymore. What even‚Ä¶ https://t.co/h3eOMMFWec,2018-10-25 16:14:12,,en,"Place(_api=None, id='18810aa5b43e76c7', url='https://api.twitter.com/1.1/geo/id/18810aa5b43e76c7.json', place_type='city', name='Dallas', full_name='Dallas, TX', country_code='US', country='United States', bounding_box=BoundingBox(_api=None, type='Polygon', coordinates=[[[-96.977527, 32.620678], [-96.977527, 33.019039], [-96.54598, 33.019039], [-96.54598, 32.620678]]]), attributes={})",,4681,6446,"Voice Actor. Rin #Keijo / Nozomi #ACentaursLife. Mitsuba, Suzuno. Actor/model/cosplayer. http://Patreon.com Streaming for @DomGam_",Texas,723134300,2012-07-29 01:23:40,False,False,http://alexmooreactor.com,22,1539,False,,526,False,Al(ex)chemy Mortuum,en,plus3toogres,True,000000,http://pbs.twimg.com/profile_images/1024472795567271936/4NfXDA77_normal.jpg,,1055492733035577345,0,False,Twitter for iPhone,False,0
There is a specific #immigration project that needs web scraping and/or database skills with #data4democracy. Join‚Ä¶ https://t.co/2bDQiEBoc4,2018-10-25 16:14:28,,en,,,527,240,"Data Scientist, former attorney, policy lover. Mostly retweet/like #rstats and #python tips or tricks, political opinions and updates. And some random stuff.","Boulder, CO",310855369,2011-06-04 13:31:09,False,False,https://lmoller.rbind.io,12,329,False,,1759,False,Lisa Moller,en,lakmoller,False,BADFCD,http://pbs.twimg.com/profile_images/1034538055682600960/ZU-zZ_av_normal.jpg,,1055492802425970688,0,False,Twitter for Android,False,0
Quand ta team montre en niveau plus vite que tu ne l'imaginais... #Dataiku #Python #SEO https://t.co/4PXOyiKRaL,2018-10-25 16:14:45,,fr,,,450,3616,Head of Performance Content @ArtefactDigital : #ContentMarketing  #SEO #SMO #CRO #UX,"Paris, France",59433864,2009-07-23 11:38:53,False,False,https://www.linkedin.com/in/otassel/,355,2167,False,,292,False,Olivier Tassel,fr,OlivierTassel,False,BADFCD,http://pbs.twimg.com/profile_images/912293537877721089/uGK6RomD_normal.jpg,,1055492872189952001,0,False,Twitter Web Client,False,0
"Dauphine aussi appel√© ""oui oui on abuse mais on en a rien √† p√©ter.""

Non seulement ils nous font apprendre le MAPLE‚Ä¶ https://t.co/wsE1WbMWUJ",2018-10-25 16:14:50,,fr,,,4030,6212,N'imaginez pas √™tre diff√©rente de ce qu'il e√ªt pu sembler que vous fussiez en restant identique √† ce que vous f√ªtes sans jamais para√Ætre autre que vous n'√©tiez.,Poppersland,1030723791670923267,2018-08-18 07:51:16,False,False,https://www.youtube.com/channel/UCFIXqk3UaYxiTnHiEzLLDEQ,0,53,False,,76,False,Alice,fr,AlicePopperland,False,000000,http://pbs.twimg.com/profile_images/1055012421163724800/XkZ1lG7E_normal.jpg,,1055492891664097280,0,False,Twitter for Android,False,0
"python-lazy 1.3-1 (any/Community)
""Lazy attributes for Python objects""
&lt;2018-10-25&gt;",2018-10-25 16:15:02,,en,,,0,152691,This is an unofficial bot to post Arch Linux package updates except for Testing repo. Arch Linux„ÅÆÊõ¥Êñ∞„ÇíÈÄöÁü•„Åô„ÇãÈùûÂÖ¨Âºèbot„Åß„Åô„ÄÇTesting‰ª•Â§ñ„ÅÆÊõ¥Êñ∞„Éë„ÉÉ„Ç±„Éº„Ç∏ÊÉÖÂ†±„ÇíÊäïÁ®ø„Åó„Åæ„Åô„ÄÇ[contact:@gin_135],,4175593823,2015-11-13 02:05:07,False,False,,49,153,False,,1,True,ArchLinuxUpdateInfo,ja,arch_update_bot,False,C0DEED,http://pbs.twimg.com/profile_images/664990523023732736/-YiBT13s_normal.png,,1055492944944259072,0,False,Arch Linux Update Info Notifier,False,0
"@SaharaReporters @MBuhari @HQNigerianArmy All these military operation titles though, quite funny... CROCODILE SMILE, PYTHON DANCE",2018-10-25 16:15:04,,en,,,35,44,"VA to growing entrepreneurs, start-ups, coaches. Providing a professional #freelance solution for #entrepreneurs, #start-ups and #businessowners.",,751334121343946752,2016-07-08 08:36:28,False,False,,0,32,False,,167,True,SelahNova VA,en,ms_remen,False,F5F8FA,http://pbs.twimg.com/profile_images/1025330848973893632/1CH-7SFL_normal.jpg,,1055492950321516545,0,False,Twitter for Android,False,0
"A List Of Top 10 Python Frameworks For App Development:
https://t.co/RpTrX7fKxK #PythonAppDevelopment #PythonDevelopment",2018-10-25 16:15:09,,en,,,554,5056,"A BlockChain, IoT, ChatBot, AI, AR/VR development company that excels in RubyonRails, Magento, MEAN, Angular, React, Grails, & NodeJs etc. SalesTeam@ongraph.com","Noida, Uttar Pradesh",2253275905,2013-12-19 09:37:33,False,False,http://www.ongraph.com,305,2658,False,,4647,False,OnGraph Technologies,en,OngraphTech,False,0099B9,http://pbs.twimg.com/profile_images/1022092605293613061/gZFQ9sRx_normal.jpg,,1055492972958175232,0,False,Twuffer,False,0
@glupyan @LanguageMIT @spiantado @tallinzen Here goes. A python dictionary repr that has the number of times an und‚Ä¶ https://t.co/xZ2bbjZ2CV,2018-10-25 16:15:17,,en,,,145,70,,,149574309,2010-05-29 16:52:42,False,False,http://blogs.brown.edu/ucohenpr,4,84,False,,60,True,Uriel Cohen Priva [u Åiel kohen p Åiva (frewe)],en,urielcohenpriva,False,C0DEED,http://pbs.twimg.com/profile_images/550573096579526656/mgzs6Grc_normal.jpeg,,1055493007498268672,0,False,Twitter Web Client,False,0
"„ÄêPython„Åß5‰∏áÂÜÜÁ®º„ÅêÊäÄË°ì„Çí„Å§„Åë„Çà„ÅÜ‚ë†„Äë„ÉÑ„Ç§„ÉÉ„Çø„Éº„ÅÆËá™ÂãïÂåñ„Åå„Åß„Åç„Çã„ÇØ„É≠„Éº„É™„É≥„Ç∞„Ç¢„Éó„É™„Çí‰Ωú„Çç„ÅÜ

https://t.co/O6EUkv4wq6",2018-10-25 16:15:41,,ja,,,4,5306,DA(@never_be_a_pm) „ÅÆ„Éñ„É≠„Ç∞„ÄÅnote„ÄÅÈÅéÂéª„ÉÑ„Ç§„Éº„Éà„ÇÑ„Éã„É•„Éº„ÇπË®ò‰∫ãÁ≠â„ÇíÊäïÁ®ø„Åó„Åæ„Åô„ÄÇ‰∏ª„Å´„Éó„É≠„Ç∞„É©„Éü„É≥„Ç∞„Å®„Ç≠„É£„É™„Ç¢„Å´„Å§„ÅÑ„Å¶ÊäïÁ®ø„Åó„Å¶„ÅÑ„Åæ„Åô„ÄÇ,,987921290672525312,2018-04-22 05:09:25,False,False,https://review-of-my-life.blogspot.jp/,7,512,False,,1,True,DAI(„É°„É¢Áî®),en,reviewofmylife1,False,F5F8FA,http://pbs.twimg.com/profile_images/987922438208962561/3pjJgvNx_normal.jpg,,1055493108983574529,0,False,auto-tweet-app-for-gas-2,False,0
"/me quietly deletes his ‚Äúexport_range(filename, startea, endea)‚Äù idapython function...",2018-10-25 16:15:48,,en,,,6063,8092,"Reverse engineer(er) of industrial controllers and other Interesting Things. Vulnerability analyst for @DragosInc, CTF operator for @RevICSSec.","Des Moines, IA",341902267,2011-07-25 04:14:08,False,False,,147,4073,False,,712,True,' or 1=1; drop table tweets;-- K. Reid Wightman,en,ReverseICS,False,C0DEED,http://pbs.twimg.com/profile_images/866712631503093764/nBjuqsi8_normal.jpg,,1055493135151837187,0,False,Twitter for iPhone,False,0
"De todos los lenguajes de programaci√≥n, el que mas me gusta es Java, es bastante elegante, aunque Python me gusta t‚Ä¶ https://t.co/9Lx0DO0tRp",2018-10-25 16:15:51,,es,,,232,4871,You may still be here tomorrow but your dreams may not. Mi reino por una bolsa de patatas fritas.,En el culo del mundo,299225443,2011-05-15 18:21:52,False,False,,4,111,False,,216,False,Áµµ Âúü ÂÖµ,es,EdgeExE,True,001F30,http://pbs.twimg.com/profile_images/914581289621245952/FWuYEwri_normal.jpg,,1055493147919372288,0,False,Twitter Web Client,False,0
"@bbccdde I didn't pay for any of the replacements. I have a terminal (Prompt, or Coda) and a Python enviroment (Pyt‚Ä¶ https://t.co/rQpCV9vCA2",2018-10-25 16:15:54,,en,,,8739,87406,Scottish author of action-thriller/paranormal novels. Husband to @laurengemmell. üè¥Û†ÅßÛ†Å¢Û†Å≥Û†Å£Û†Å¥Û†Åøüá™üá∫,"Edinburgh, Scotland",755859,2007-02-07 08:44:01,True,False,http://mattgemmell.com/,2117,25443,False,,391,False,Matt Gemmell,en-gb,mattgemmell,True,E0E0E0,http://pbs.twimg.com/profile_images/951889060930441216/8-H_ynNk_normal.jpg,,1055493162196762625,0,False,Twitter for iPad,False,0
"Learn to build apps, program for the web, and more with Python for $39! https://t.co/DjqxsgMTR4",2018-10-25 16:15:55,,en,,,0,157792,Tweeting about the latest android news. #android #passion,Iceland,166956069,2010-07-15 11:58:26,False,False,,110,474,False,,0,False,androidnews4u,en,androidnews4u,False,C0DEED,http://pbs.twimg.com/profile_images/1078988624/breaking-news_normal.gif,,1055493167770791941,0,False,dlvr.it,False,0
Generators have been an important part of Python ever since they were introduced with PEP 255. https://t.co/aSJ5E0tRxm,2018-10-25 16:15:56,,en,,,11,581,"As Sr. Vice President, has been handling Product Engineering Engagements. Working with international clients across globe to co-create IT assets.",,164623401,2010-07-09 09:39:33,False,False,http://debasisr.blogspot.in/,6,84,False,,31,True,Debasis Ray,en,debasisr,True,C0DEED,http://pbs.twimg.com/profile_images/933671828802846721/WiNWlmj2_normal.jpg,,1055493169536630784,0,False,Twitter for Android,False,0
dust | time:20181025-161558884352  #generative #geometric #ProceduralArt #python #bot https://t.co/ZZB0jxSTXN,2018-10-25 16:15:59,,en,,,20,2705,Python experimental bot (by @putuko) that generates randomly geometric-like images. You can buy HD prints at: https://society6.com/geometricbot/prints,,733727897224159233,2016-05-20 18:35:37,False,False,,49,627,False,,323,True,Geometric Bot,es,GeometricBot,False,F5F8FA,http://pbs.twimg.com/profile_images/747389517968121856/XhLNYUGm_normal.jpg,,1055493184401391617,0,False,GeometricBot Python,False,0
"To paraphrase Monty Python &amp; the Holy Grail, ""let's not bicker and argue about who attempted to murder who.""",2018-10-25 16:16:18,,en,,,3618,11653,"Editor at @ATLBlog where, for me, making snide remarks about other lawyers is at least as fulfilling as motion practice.","New York, NY",12916762,2008-01-31 20:27:57,True,False,http://abovethelaw.com,282,12754,False,,5424,True,Joe Patrice,en,JosephPatrice,True,C0DEED,http://pbs.twimg.com/profile_images/836298702633463809/6o9L65gI_normal.jpg,,1055493263417860096,0,False,TweetDeck,False,0
"Unsupervised Learning with Python

‚òû https://t.co/ZRbVs1auBg

#python #programming https://t.co/q6DBbSJ1Y8",2018-10-25 16:16:27,,en,,,8298,6135,"If you control the code, you control the world
#developer #coder #programmer #programming #coding #development","District of Columbia, USA",3314096150,2015-08-13 06:47:03,False,False,https://codek.tv/,253,6465,False,,6832,True,Developer TV,en,developer_tv,False,C0DEED,http://pbs.twimg.com/profile_images/731782766036033536/uKKBgUD3_normal.jpg,,1055493298905739264,0,False,IFTTT,False,0
I wish the world had caught fire in my twenties when all of my coping mechanisms were awful &amp; exciting because now‚Ä¶ https://t.co/iU6MkD7Eif,2018-10-25 16:16:33,,en,,,67973,37156,"Tourettes makes me twitchy. Mom made me sassy. Hebrew school gave me social anxiety. Lover of David Bowie, hockey, vinyl & Jackson Browne. PhD in silver foxes.",Frequently on a plane‚úàÔ∏è,1231936753,2013-03-01 23:11:42,False,False,https://www.instagram.com/thetwitchypixie,99,10178,False,,2169,False,The Sassiest Semite,en,LittleMissLizz,True,000000,http://pbs.twimg.com/profile_images/1050756542155370497/j7ttJ3BE_normal.jpg,,1055493323258019840,0,False,Twitter for iPhone,False,0
https://t.co/M06ZcImoTU #Python Understanding Optics with Python - Optics &amp; Photonics News (blog) https://t.co/MCvVz87yUk,2018-10-25 16:16:34,,en,,,104,84955,Coffee nerd. Communicator. Wannabe explorer. Subtly charming Twitter advocate. Problem solver. I use Linux and Python. I'm avid about free open source software.,"Norwich, England",24222132,2009-03-13 18:28:59,False,False,http://www.flaz.co,563,3794,False,,1238,False,Martin O'Flaherty,en,TweetingOtusOwl,True,000000,http://pbs.twimg.com/profile_images/752597810093096960/il9lJBWU_normal.jpg,,1055493330900078592,0,False,IFTTT,False,0
"If you wanna learn Python, I highly recommend @moshhamedani tutorial. The best tutorial for anyone who wants to lea‚Ä¶ https://t.co/5g6L5dYorS",2018-10-25 16:16:36,,en,,,1321,1392,Statistician | Teacher | Progressive Software Developer,Nigeria,357399623,2011-08-18 09:16:53,False,False,,0,350,False,,896,True,Dare Lawal,en,lawaldarekayode,True,C0DEED,http://pbs.twimg.com/profile_images/973796899022090240/Bsk6xLCx_normal.jpg,,1055493338714046464,0,False,Twitter Web Client,False,0
The latest The SchoolCoders Daily! https://t.co/o8IV49zAvV Thanks to @catintp @lisac_wood @Paula_Piccard #python #raspberrypi,2018-10-25 16:16:40,,en,,,22,4888,"Maths and computing wiki for #gcsecomputing, #python and now #alevelcomputing.",Milton Keynes,3226512502,2015-05-01 16:47:48,False,False,http://www.schoolcoders.com/wiki,83,1717,False,,2594,False,SchoolCoders,en,SchoolCoders,False,000000,http://pbs.twimg.com/profile_images/602963362012667904/LoM2TTpn_normal.jpg,,1055493355512258560,0,False,Paper.li,False,0
"@pumpichank @baybryj In Homebrew, we set a few flags to hint CPython‚Äôs https://t.co/vcl5YOe7Xb to the correct locat‚Ä¶ https://t.co/LWXGJCHa9h",2018-10-25 16:16:43,,en,,,92263,165595,"Makes tools for devs at @github. Sometime-archivist. @machomebrew, @mactigerbrew. Opinions: mine, &c. Icon @slimgiltsoul, header @hsv_000 (see also; @ticky)",Vancouver / Melbourne,296622166,2011-05-11 03:34:21,False,False,http://www.mistys-internet.website/,250,4242,False,,775,False,Misty,en,mistydemeo,False,000000,http://pbs.twimg.com/profile_images/1008037327178829824/eOtDKLZw_normal.jpg,,1055493367193190400,0,False,Tweetbot for iŒüS,False,0
What is the fastest way for an existing programmer to learn Python? https://t.co/Or7mxNEkW5,2018-10-25 16:16:53,,en,,,0,61190,News & links about Python programming.,,574827627,2012-05-08 19:54:45,False,False,,638,23111,False,,5,True,Python Hub,en,PythonHub,False,C0DEED,http://pbs.twimg.com/profile_images/2213121578/icon_normal.png,,1055493409505452035,0,False,IFTTT,False,0
@eduardo_gpg Disculpa mi ignorancia que es y ser√° posible que haga un curso de kiv para desarrollo de apps con python,2018-10-25 16:16:59,,es,,,17,40,Anime-Videojuegos- Metal Life-DarkMetal-Progrmacion/Python,Ecuador,877939612559265792,2017-06-22 17:21:29,False,False,,0,5,False,,82,False,Mario,es,Darthmariod,False,000000,http://abs.twimg.com/sticky/default_profile_images/default_profile_normal.png,,1055493433543061505,0,False,Twitter for Android,False,0
#AWS Introduction: Build a Modern Web Application in #Python Follow step-by-step instructions to build your first m‚Ä¶ https://t.co/fF5V29fkWK,2018-10-25 16:17:02,,en,,,2168,2314,"GWU Ms. Computer Science.  Cloud, PM, programmer,  Web designer, Unix.  EdTech, Ô£ø ADS, online learning, instructional design, LMS, gamification, ...",Mexico,68405421,2009-08-24 13:20:40,False,False,,58,458,False,,693,False,martha sanchez,en,professormartha,True,0099B9,http://pbs.twimg.com/profile_images/992589442580930560/vjXIit8R_normal.jpg,,1055493447057055744,0,False,Twitter Web Client,False,0
Monty Python Hungarian Phrase Book https://t.co/8fsCamslKy via @YouTube,2018-10-25 16:17:03,,cy,,,54,12907,"'Youngstown, Pipe and Plate...How may I help you?'",,2596453663,2014-06-30 14:20:39,False,False,http://facebook.com/D.Oblonsky,0,10,False,,104,False,David Oblonsky,en,DavidOblonsky,False,000000,http://pbs.twimg.com/profile_images/774370846886522880/6dHTfC0H_normal.jpg,,1055493452652261376,0,False,Twitter Web Client,False,0
"This McKinsey study of 300 companies reveals what every business needs to know about design for 2019
#AI‚Ä¶ https://t.co/Aw5UtyIJK4",2018-10-25 16:17:08,,en,,,106,533,"It‚Äôs not artificial intelligence I‚Äôm worried about, it‚Äôs human stupidity.","Hyderabad, India",1003131138032844801,2018-06-03 04:27:55,False,False,,14,507,False,,225,True,Prasant,en,rkprasant,False,F5F8FA,http://pbs.twimg.com/profile_images/1005835108018876416/Ipw20bSZ_normal.jpg,,1055493471027560448,0,False,Twitter for Android,False,0
"ÿ™ŸàŸÅÿ±ŸÑŸÉŸÖ ŸÖÿ§ÿ≥ÿ≥ÿ© ÿ™ÿµÿßŸÖŸäŸÖ ÿ≠ŸÑŸàŸÑ ŸÑŸÉÿßŸÅÿ© ŸÑÿ∫ÿßÿ™ ÿßŸÑÿ®ÿ±ŸÖÿ¨ÿ© : 
Python, java, android, c#, laravel , PHP, sql and ios
ÿßŸÑÿ™ŸàÿßÿµŸÑ ÿπÿ®ÿ± ÿßŸÑÿÆÿßÿµ
#nuks",2018-10-25 16:17:11,,und,,,1,5,ŸÖÿ§ÿ≥ÿ≥ÿ© ÿ™ÿµÿßŸÖŸäŸÖ ÿ™ÿ™Ÿäÿ≠ ŸÑŸÉŸÖ ŸÅÿ±ÿµÿ© ÿπŸÖŸÑ ÿ™ÿµÿßŸÖŸäŸÖ ÿ´ŸÜÿßÿ¶Ÿäÿ© Ÿàÿ´ŸÑÿßÿ´Ÿäÿ© ÿßŸÑÿ£ÿ®ÿπÿßÿØ Ÿàÿ®ÿ±ŸÖÿ¨ÿ© ÿßŸÑŸÖŸàÿßŸÇÿπ ÿßŸÑÿ£ŸÑŸÉÿ™ÿ±ŸàŸÜŸäÿ© ŸàÿßŸÑÿ®ÿ±ÿßŸÖÿ¨ ÿ®ÿ£ÿ≥ÿπÿßÿ± ŸÖÿπŸÇŸàŸÑÿ©.,Kuwait ,1051504747608444929,2018-10-14 16:07:22,False,False,https://www.designsq8.com/,0,34,False,,3,False,ÿ™ÿµÿßŸÖŸäŸÖ,en,Designsq8_,False,000000,http://pbs.twimg.com/profile_images/1055328968243666945/KbGpvknJ_normal.jpg,,1055493484679966721,0,False,Twitter for iPhone,False,0
@twitersgoodboy How to Get Ahead in Advertising. Or the Crimson Permanent Assurance short before Monty Python‚Äôs Meaning of Life.,2018-10-25 16:17:16,,en,,,5317,837,Freelance VFX person. I have my moments.,London/New York,319178054,2011-06-17 17:49:02,False,False,,3,128,False,,460,True,Tim Jones,en,TheRealTLLJ,False,C0DEED,http://pbs.twimg.com/profile_images/453846130132930560/NWqlKX94_normal.jpeg,,1055493504510713856,0,False,Twitter for iPhone,False,0
"Hace 2 meses aprend√≠ a programar en HTML, PHP, Python, C, C# y C++. 
Hace 2 semanas aprend√≠ la utilizaci√≥n b√°sica d‚Ä¶ https://t.co/a0Tq4fT9gi",2018-10-25 16:17:16,,es,,,17598,15059,"Gonna start a revolution from my bed.                   
Ig: fedegmaggio",S.A. de Padua,1270795038,2013-03-15 22:01:03,False,False,http://www.fb.com/fedee.maggio,0,265,False,,75,False,Vicious,es,FedeGMaggio,False,FFFFFF,http://pbs.twimg.com/profile_images/1051280112086339584/FRHF7l6T_normal.jpg,,1055493505861238784,0,False,Twitter for Android,False,0
@harithrahmanr @Ady16395263 @NasirPasir Kod apa kod python? Kau reti mengeja tak? Sekolah tak? Haaa ni contoh degra‚Ä¶ https://t.co/UgTkyIV0Dn,2018-10-25 16:17:22,,in,,,8625,35951,vox populi,Malakau.,1557559957,2013-06-30 08:15:30,False,False,,0,830,False,,491,False,Dove.,en,HaikalJalal,True,C0DEED,http://pbs.twimg.com/profile_images/935447755203284993/w4o1b-VE_normal.jpg,,1055493530473263105,0,False,Twitter for iPhone,False,0
"If you wanna learn Python, I highly recommend @moshhamedani tutorial. The best tutorial for anyone who wants to lea‚Ä¶ https://t.co/JBAQC1uV7K",2018-10-25 16:17:23,,en,,,52,80,Full Stack Developer { } | React | React Native | Node.js | Angular | C#,"Islamabad, Pakistan",772615799198609408,2016-09-05 02:02:16,False,False,,0,142,False,,290,True,Muhammad Makki Anjum,en,Makkidev,False,F5F8FA,http://pbs.twimg.com/profile_images/1037765605934473217/2YkD8-6Z_normal.jpg,,1055493536764911616,0,False,Twitter for Android,False,0
"Unsupervised Learning with Python

‚òû https://t.co/VsfoFpzFmF

#python #programming https://t.co/vjKPR7VvCV",2018-10-25 16:17:31,,en,,,68,4986,"Here to share tech talk, tutorials, courses... related to Programming, #Javascript #ES6 #NodeJs #AngularJs #ReactJs #Python #Csharp #DotNet #MachineLearning ...",,728862240602906624,2016-05-07 08:21:14,False,False,http://codek.tv/v/5WyJibE3ZK0,48,1578,False,,2083,True,Computer Programmer,en,computer__pro,False,F5F8FA,http://pbs.twimg.com/profile_images/741826493123170304/Uyck3Ykw_normal.jpg,,1055493569010716672,0,False,IFTTT,False,0
"Learn to build apps, program for the web, and more with Python for $39! https://t.co/2ecb1l8NjR https://t.co/5Lzv6Aeolt",2018-10-25 16:17:36,,en,,,0,1199,"Learn Tips and tricks for android, tutorials, internet marketing for free",,978653122976337923,2018-03-27 15:21:01,False,False,,0,2,False,,0,True,thetechrabbit,en,thetechrabbit18,False,F5F8FA,http://pbs.twimg.com/profile_images/978655450873802752/C7TYoYj8_normal.jpg,,1055493588451123200,0,False,dlvr.it,False,0
"10/27 Python„Éó„É¨„Çº„É≥Â§ß‰ºöÔºÜÂãâÂº∑‰ºö(ÊÄ•Âãü)
 https://t.co/BpuXkjrYpf #bosyu

#ÈßÜ„ÅëÂá∫„Åó„Ç®„É≥„Ç∏„Éã„Ç¢„Å®Áπã„Åå„Çä„Åü„ÅÑ 
ÔºÉPython #PythonÂãâÂº∑‰∏≠
#„Éó„É≠„Ç∞„É©„Éû„Éº„Å´„Å™„Çå
#Êã°Êï£Â∏åÊúõ‚Ä¶ https://t.co/sq7wUxxWWD",2018-10-25 16:17:42,,ja,,,88,27,"Python,HTML,CSS,JavascriptÔºè„Ç®„É≥„Ç∏„Éã„Ç¢„Çπ„ÇØ„Éº„É´ÈÅãÂñ∂Ôºè„Éó„É≠„Ç∞„É©„Éü„É≥„Ç∞„ÅÆ‰∫ã„Å®„ÄÅÂ∫ÉÂ†±„ÅÆ‰∫ãÂëü„Åç„Åæ„Åô
  #„Éó„É≠„Ç∞„É©„Éû„Éº„Å´„Å™„Çå #Â∫ÉÂ†± #Âñ∂Ê•≠„Éû„É≥",Êù±‰∫¨ Ê∏ãË∞∑Âå∫,725511187501211649,2016-04-28 02:25:21,False,False,http://www.creatorshive.net/tokyo-lp/,0,1367,False,,2123,False,harutakaÔº†python„Ç®„É≥„Ç∏„Éã„Ç¢,ja,TechHarutaka,False,000000,http://pbs.twimg.com/profile_images/1020179974630674432/U_H_4e8S_normal.jpg,,1055493614166372352,0,False,Twitter for iPhone,False,0
"Another exclusive, missed by TES, but picked up be Reasury... A new teaching innovation that works: A Python in Eve‚Ä¶ https://t.co/inJPD16GjD",2018-10-25 16:17:54,,en,,,1118,3576,"I'm passionate about good maths teaching. I share maths resources, games, ideas and teaching strategies here: http://mathsticks.com",,110841491,2010-02-02 23:26:39,False,False,http://www.mathsticks.com/,56,626,False,,334,False,John Duffty,en,johnduffty,False,000000,http://pbs.twimg.com/profile_images/378800000675634156/99162d965730ed467dc2431ed60b7e6c_normal.png,,1055493664103915520,0,False,Twitter Web Client,False,0
General Counsel of Python Software Foundation Van Lindberg chimes in on MongoDB's SSPL License  #mongodb #sspl https://t.co/3QaRTEViyj,2018-10-25 16:18:01,,en,,,323,3226,"Founder & CEO at Percona Inc
MySQL Expert, Entrepreneur, Author","Durham,NC",212632603,2010-11-06 16:27:17,False,False,http://www.peterzaitsev.com,138,4496,False,,3027,True,Peter Zaitsev,en,PeterZaitsev,False,C0DEED,http://pbs.twimg.com/profile_images/2533487868/iwp7smriz6cuwlllzmko_normal.jpeg,,1055493692516155394,0,False,LinkedIn,False,0
"Learn to build apps, program for the web, and more with Python for $39!: The wild world of app develop keeps gettin‚Ä¶ https://t.co/2Ec3K8NOQ7",2018-10-25 16:18:09,,en,,,37,11602,"iQ Android - Fast. Strong. Secure. Root, Custom ROM & Brick Fix Services - Android Developer, Custom Android Devices",USA,2232358398,2013-12-06 03:02:15,False,False,http://www.iqandroid.com,5,612,False,,223,False,iQandroid,en,iQandroid,False,C0DEED,http://pbs.twimg.com/profile_images/378800000834960887/465a7700c830e55ba2424d74775fee6c_normal.jpeg,,1055493726980751361,0,False,Facebook,False,0
"Learn to build apps, program for the web, and more with Python for $39! https://t.co/Al3ecdfSgc https://t.co/L4Df35CQyY",2018-10-25 16:18:09,,en,,,37,11603,"iQ Android - Fast. Strong. Secure. Root, Custom ROM & Brick Fix Services - Android Developer, Custom Android Devices",USA,2232358398,2013-12-06 03:02:15,False,False,http://www.iqandroid.com,5,612,False,,223,False,iQandroid,en,iQandroid,False,C0DEED,http://pbs.twimg.com/profile_images/378800000834960887/465a7700c830e55ba2424d74775fee6c_normal.jpeg,,1055493729178419201,0,False,dlvr.it,False,0
„Å®„Çä„ÅÇ„Åà„Åö./setup.py„Å∏„ÅÆinclude&amp;library path„ÅÆ„Ç¨„ÉÅÂüã„ÇÅËæº„Åø„ÅØ„ÇÑ„ÇÅ„Å¶„ÄÅ./config.py „Å´Ë®≠ÂÆö„ÇíÊõ∏„ÅçÂá∫„Åó„Å¶„Åä„ÅÑ„Å¶„Åù„Çå„ÇíË™≠„ÅøËæº„ÇÄ„Çà„ÅÜ„Å´„Åó„Åü„ÄÇpickleÁ≠â„Å´„Åó„Å™„ÅÑ„ÅÆ„ÅØ„ÄÅÁõ¥Êé•„Ç®„Éá„Ç£„Çø„ÅßÁ∑®ÈõÜ„ÇÇ„ÅÇ„Çä„Å´„Åó„Åü‚Ä¶ https://t.co/rHw1TSzvf9,2018-10-25 16:18:25,,ja,,,1815,11641,Â∞èË¶èÊ®°„Çµ„Éº„ÉêÈÅãÁî®ÁèæÂ†¥„ÅÆÊäÄË°ìËÄÖ(„ÅÆ„Å§„ÇÇ„Çä)„ÄÇÁ∑©„ÅÑ„Éö„Éº„Çπ„ÅßÂÉç„ÅÑ„Å¶„ÅÑ„Åæ„Åô„ÄÇ,,3335524814,2015-08-25 08:40:53,False,False,,4,40,False,,19,True,FUTATSUKI Yasuhito,ja,y_futatuki,False,C0DEED,http://pbs.twimg.com/profile_images/636100598081843201/UolGb8xS_normal.jpg,,1055493793137418240,0,False,Twitter Web Client,False,0
Re: [Ceph Days 2017] Short movie from 3D presentation (ceph + blender + python) https://t.co/rzCEnYCf6m  #ceph,2018-10-25 16:18:34,,en,,,0,60405,Ceph distributed file system development discussion.,,156125161,2010-06-16 02:40:49,False,False,http://www.spinics.net/lists/ceph-devel/,43,507,False,,384,False,Ceph File System,en,linuxceph,False,C9AC64,http://pbs.twimg.com/profile_images/994375147/octo_normal.png,,1055493833805434881,0,False,Google,False,0
I will scrap websites using python scrapy  https://t.co/nUvj21Ll6K #scraping #python #datacollection #datamining # https://t.co/cpNe8NraIv,2018-10-25 16:18:35,,en,,,0,2647,#DataAnalysis & #Reports,United States,1016413307807334400,2018-07-09 20:06:31,False,False,,0,2168,False,,506,True,Data Analysis & Reports,en,singerssession,False,F5F8FA,http://pbs.twimg.com/profile_images/1040846988022046720/G8w_zpAL_normal.jpg,,1055493835734876160,0,False,Twitter Web Client,False,0
This is sooooo important for all Python devs!,2018-10-25 16:18:56,,en,,,1337,1235,CTO @sastaticketpk -  Web and @Angular @GoogleDevExpert,"Karachi, Pakistan",15658008,2008-07-30 08:28:16,False,False,http://recurship.com,49,655,False,,409,False,Mashhood Rastgar,en,mashhoodr,True,9AE4E8,http://pbs.twimg.com/profile_images/940145978891411456/OBYYqFI9_normal.jpg,,1055493924217851909,0,False,Twitter Lite,False,0
"Some serious python coding going on here. 
Three @Raspberry_Pi's, three different peripherals. 
Breadboard LEDs,‚Ä¶ https://t.co/DgsQ1HYyRa",2018-10-25 16:18:57,,en,,,11935,3098,Engineer at Airbus UK | Aviation and Space Geek | STEM Ambassador | Maker | Educator | AFOL | Creator of @Yuri_3_Rover | views and opinions my own.,UK / Space,465507165,2012-01-16 12:36:48,False,False,https://inspiringspaceflight.wordpress.com/,35,1437,False,,1850,True,John Chinner,en,JohnChinner,False,C0DEED,http://pbs.twimg.com/profile_images/649690557590147072/MoJPBjwg_normal.jpg,,1055493929100079104,0,False,Twitter for Android,False,0
Holgraphic programmers.,2018-10-25 16:19:01,,en,,,4478,49939,"Constellation Research focused on the Future of Work, Collaboration, AI.
Son. Brother. Husband. Father. Uncle. Nephew. Cousin. Friend. Colleague. Teammate.","Toronto, Ontario, Canada",10458822,2007-11-22 03:41:23,True,False,http://www.alanlepofsky.net,1672,18934,False,,8318,False,Alan Lepofsky üá®üá¶ üá∫üá∏ Future of Work,en,alanlepo,True,000000,http://pbs.twimg.com/profile_images/986234703106789376/8H4xRpzH_normal.jpg,,1055493947995303936,0,False,Twitter for Android,False,0
"@renoomokri @OfficialAPCNg @MBuhari @NGRPresident @tundefashola South east get sense, python dance is still fresh i‚Ä¶ https://t.co/bvax9LNEID",2018-10-25 16:19:25,,en,,,2147,1763,,,1033744594905845760,2018-08-26 15:54:52,False,False,,0,179,False,,307,True,Elugulu1,en,Elugulu1,False,F5F8FA,http://pbs.twimg.com/profile_images/1033746360061845505/3-hLBrmY_normal.jpg,,1055494048008560641,0,False,Twitter for Android,False,0
"python ./setup.py clean --all „Åß„ÅØ ./config.py* ,  __pycache__ „ÇÇÂâäÈô§„Åô„Çã„ÄÇ",2018-10-25 16:19:26,,ja,,,1815,11642,Â∞èË¶èÊ®°„Çµ„Éº„ÉêÈÅãÁî®ÁèæÂ†¥„ÅÆÊäÄË°ìËÄÖ(„ÅÆ„Å§„ÇÇ„Çä)„ÄÇÁ∑©„ÅÑ„Éö„Éº„Çπ„ÅßÂÉç„ÅÑ„Å¶„ÅÑ„Åæ„Åô„ÄÇ,,3335524814,2015-08-25 08:40:53,False,False,,4,40,False,,19,True,FUTATSUKI Yasuhito,ja,y_futatuki,False,C0DEED,http://pbs.twimg.com/profile_images/636100598081843201/UolGb8xS_normal.jpg,,1055494050210492416,0,False,Twitter Web Client,False,0
"@JustifiedBagel American Graffiti, Monty Python and the Holy Grail, Monty Python's the Life of Brian, Network, Badl‚Ä¶ https://t.co/HnOsFzVtVk",2018-10-25 16:19:27,,en,,,70001,44587,"Quixotic purveyor of music (V. Diz, etc.) that few have heard and fewer like.","Qayqayt/Musqueam land, unceded",801743592,2012-09-04 03:47:10,False,False,http://liferightsideup.blogspot.com/,75,715,False,,521,False,(((V√©ronique B))),en,verobeeee,False,C0DEED,http://pbs.twimg.com/profile_images/888952237031960576/w07CL-NQ_normal.jpg,,1055494055889534976,0,False,Twitter Web Client,False,0
That feeling when your tweet was aimed at JS and Python dynamism and futile attempts to fix their ecosystems via op‚Ä¶ https://t.co/Tf8tVA6k4M,2018-10-25 16:20:03,,en,,,1404,2017,"Team Lead @JetBrains, working on @Kotlin coroutines and libs, sports programming/ICPC, concurrency & algorithms, math/quantitative finance; formerly @Devexperts",,193907953,2010-09-22 23:26:56,False,False,,66,3683,False,,627,True,Roman Elizarov,en,relizarov,True,C0DEED,http://pbs.twimg.com/profile_images/872365632376983552/G4NXJ0DY_normal.jpg,,1055494205701742592,0,False,Twitter for iPhone,False,0
@raymondh Modern Python LiveLessons provides developers w/ an approach to programming in Python that expresses big‚Ä¶ https://t.co/RfNH2lDt0P,2018-10-25 16:20:07,,en,,,417,17481,InformIT is home to the world's leading technology publishers. Follow @Pearson imprints @ciscopress @pearsonitcert @quepublishing & @vmwarepress.,,14347035,2008-04-10 00:29:24,False,False,http://informit.com,628,5379,False,,2481,False,InformIT,en,InformIT,False,C7C7C7,http://pbs.twimg.com/profile_images/477435700799762432/K1J4CAqv_normal.jpeg,,1055494223674400768,0,False,Hootsuite,False,0
"Currently 141 upvotes, lots more to go, please upvote Alpaca!",2018-10-25 16:20:13,,en,,,391,5040,co-founder @AlpacaHQ https://alpaca.markets/ & Lehman securitization alumni,"San Mateo, CA",103287545,2010-01-09 14:52:22,False,False,https://alpaca.markets,29,423,False,,271,False,Yoshi Yokokawa,en,iyoshyoshi,False,EBEBEB,http://pbs.twimg.com/profile_images/557511488085041152/3UvYYkaI_normal.jpeg,,1055494246256406528,0,False,Twitter for iPhone,False,0
[EVENT] Un grand merci √† Youssef BENNANI et @OuacimM pour avoir anim√© hier soir un #CodingDojo Margo sur la pr√©dict‚Ä¶ https://t.co/50GxwrneBz,2018-10-25 16:20:16,,fr,,,901,2940,"We design IT competitive advantage whatever business sector
#Tech #Performance #Audace",Paris 8,368946410,2011-09-06 14:08:37,False,False,http://www.margo-group.com,388,1807,False,,1172,False,Margo,fr,Margo_group,True,000000,http://pbs.twimg.com/profile_images/963017600346271744/TfINgbgm_normal.jpg,,1055494262127845378,0,False,Twitter Web Client,False,0
I feel a huge responsibility to introduce Mel Brooks and Monty Python to my child...someone else can teach her math.,2018-10-25 16:20:21,,en,,,118,695,"Singer-songwriter-band leader. Three albums out: Untied, Reservoir & American Standard. All available now on iTunes ‚ö°Ô∏èNew album Burning Season coming in 2018","Southcoast, MA.",34371005,2009-04-22 19:32:10,False,False,http://www.facebook.com/jkelleymusic,5,266,False,,162,False,J.Kelley,en,JKelleymusic,False,1A1B1F,http://pbs.twimg.com/profile_images/1009826175550619650/NyPY5UP9_normal.jpg,,1055494280289095680,0,False,Twitter for iPhone,False,0
„Åæ„Åò„Åßpython„ÇÇÊ©üÊ¢∞Â≠¶ÁøíÂÖ®Ëà¨„ÇÇÂº∑ÂåñÂ≠¶Áøí„ÇÇËá™ÁÑ∂Ë®ÄË™ûÂá¶ÁêÜ„ÇÇÊΩúÂú®„ÇØ„É©„Çπ„ÇÇ „Åª„Çì„Å®„Å´ÂàÜ„Åã„Çâ„Çì„Åó Âº∑„Åè„Å™„Çä„Åü„ÅÑ„Åë„Å© ÂçäÂàÜË´¶„ÇÅ„Å¶„Çã(nÂõûÁõÆ),2018-10-25 16:20:21,,ja,,,2854,7725,„Éá„Éº„ÇøÂàÜÊûêË¶ãÁøí„ÅÑ/Áµå„Ç∑„Çπ/Ê∏ãÂπï/B'z/„Å¶„Çì„Å∑„Çâ,,767562877,2012-08-19 13:24:27,False,False,https://pira-nino.hatenablog.com/,3,332,False,,910,False,„Å´„ÅÆ„Å¥„Çâ,ja,nino_pira,True,C0DEED,http://pbs.twimg.com/profile_images/582038050282217472/45j55YVu_normal.jpg,,1055494283405418496,0,False,Twitter for Android,False,0
"Unsupervised Learning with Python

‚òû https://t.co/cBcV1KEhf2

#python #programming https://t.co/cGyzqjvsmu",2018-10-25 16:20:24,,en,,,7,3867,"Here to share events, tutorials, courses, books... related to #developer #develop #course #deal #learnprogramming",United States,727326803128258560,2016-05-03 02:39:57,False,False,https://codek.tv/,21,536,False,,2774,True,Developer Course,en,develop_course,False,F5F8FA,http://pbs.twimg.com/profile_images/727327495633018882/GyCB_PPt_normal.jpg,,1055494295107629056,0,False,IFTTT,False,0
ORM„Å´Èñ¢„Åó„Å¶„ÇÇÂâçÊúüJava„Åß„ÇÑ„Å£„Åü„ÅÆ„Å®ÊØî„Åπ„Çã„Å®Python„ÅÆÂúßÂÄíÁöÑÊâãËªΩ„Åï„Åå„Çè„Åã„Çã,2018-10-25 16:20:28,,ja,,,177445,16191,2017.09.26 ÊôÆÈÄö‰∫åËº™ÂÖçË®±ÂèñÂæó ‚Üí CBR125RÁ¥çËªä,ÂçÉËëâ‚áÑÁ¶èÂ≥∂,3268126544,2015-07-04 13:37:48,False,False,,20,299,False,,282,False,„ÇØ„É©„Éï„Ç£„Çπ,ja,CrafisBandicoot,False,C0DEED,http://pbs.twimg.com/profile_images/711490059078205441/8Oqmy17w_normal.jpg,,1055494310232121346,0,False,TweetDeck,False,0
Should Python Become Your Official Corporate Language - Along With English? https://t.co/IIpkaEkCe0,2018-10-25 16:20:57,,en,,,4507,38847,"Co-founded by Vincent Granville and part the DSC Community, our focus is on data science, ML, AI, deep learning, dataviz, Hadoop, IoT, and BI.","Los Angeles, CA",393033324,2011-10-17 22:45:52,False,False,http://www.DataScienceCentral.com,3690,127527,False,,1116,False,Data Science Central,en,DataScienceCtrl,True,131516,http://pbs.twimg.com/profile_images/823989084699836416/HLeb5i56_normal.jpg,,1055494432806592512,0,False,Buffer,False,0
axe-selenium-python 2.1.4 https://t.co/XESlESsorH,2018-10-25 16:21:01,,de,,,1,612578,Unofficial bot to flow PyPI recent updates.,,739422728168476673,2016-06-05 11:44:51,False,False,https://github.com/tell-k/pypi-updates,111,587,False,,0,False,PyPI Recent Updates,ja,pypi_updates2,False,000000,http://pbs.twimg.com/profile_images/739434790688956417/KjhAltTQ_normal.jpg,,1055494448191299584,0,False,pypi_updates2,False,0
"End of Day 1
Learned few things in Ren'py and Python in General
I think I'm ready to step it up",2018-10-25 16:21:05,,en,,,839,3294,"I dont want to die...
ill stay here on earth",,856221811863764992,2017-04-23 19:02:42,False,False,https://www.deviantart.com/shiroshikiart,0,44,False,,93,False,Shiki,en,shiki_shiro,False,000000,http://pbs.twimg.com/profile_images/1050728645331902465/-mh1VsmQ_normal.jpg,,1055494464507076609,0,False,Twitter Web Client,False,0
Girllll I can help you,2018-10-25 16:21:06,,en,,,13898,10049,"Tuskegee 20
Sometimes I just be here",,2326064796,2014-02-03 21:30:48,False,False,,0,228,False,,208,True,Reggie Rocket,en,Chooseyourdes,True,C0DEED,http://pbs.twimg.com/profile_images/1055289180874555392/lcOEWg5O_normal.jpg,,1055494470630887424,0,False,Twitter Lite,False,0
I'm now offering a #Python #programming #course by email - via .@Gumroad . Check it out here:‚Ä¶ https://t.co/VucTbiUNTn,2018-10-25 16:21:28,,en,,,3355,13959,"Entwickler. „Ç≥„É≥„Çµ„É´„Çø„É≥„Éà. Entrenador. ‡§≤‡•á‡§ñ‡§ï ‡•§ eLearning. Python. xtopdf. Unix. C. SQL. Open Source. $
http://gumroad.com/vasudevram",jugad2.blogspot.com,7161032,2007-06-29 21:29:00,False,False,http://www.codementor.io/vasudevram,438,740,False,,402,False,Vasudev Ram,en,vasudevram,False,000000,http://pbs.twimg.com/profile_images/831115122/indian-bison-gaur_normal.jpg,,1055494564264402947,0,False,Twitter Lite,False,0
"Introducing Data Science: Big Data, Machine Learning, and more, using Python tools  https://t.co/2MqnGycl14",2018-10-25 16:21:29,,en,,,40805,48902,"Customer Insights Director @DATAFYiNG 
I tweet mostly about #DataScience with #Coffee",Melbourne Australia,2728657237,2014-08-13 05:22:09,False,False,http://datafying.com.au,739,23572,False,,12333,False,fafa.üë©üèª‚Äçüíª,en-gb,DD_FaFa_,False,000000,http://pbs.twimg.com/profile_images/917289210289176576/JzqB9ZW6_normal.jpg,,1055494567040937984,0,False,FAFA_DD_App_2,False,0
Á¨¨10Á´†ÁµÇ‰∫ÜÔºÅÔºÅ‰ªäÂõû„ÅØ„Äå„Éè„É≥„Ç∞„Éû„É≥„Äç„Å®„ÅÑ„ÅÜ„Ç≤„Éº„É†„ÅÆ‰ΩúÊàê„Åß„Åó„Åü„ÄÇifÊñáwhile„É´„Éº„Éó„ÅÇ„Åü„Çä„ÅØ„ÅÇ„ÇãÁ®ãÂ∫¶ÊÖ£„Çå„Åü„Å®ÂÆüÊÑü„ÄÇÊñáÂ≠óÂàóÊìç‰ΩúÁ≥ª„ÅåÂøò„Çå„Åå„Å°„Åã„ÇÇ„ÄÇ‰ªäÂõû„ÅÆ„Ç≥„Éº„ÉâÊõ∏„Åë„Åü„ÅÆ„Å†„ÅÑ„Å∂ÈÅîÊàêÊÑü„ÅÇ„ÇãÔºÅÊòéÊó•„ÇÇÈ†ëÂºµ„Çã„ÅûÔºÅ#ÈßÜ„ÅëÂá∫„Åó„Ç®„É≥„Ç∏„Éã„Ç¢„Å®„Å§„Å™„Åå„Çä„Åü„ÅÑ‚Ä¶ https://t.co/POb9SqpgOk,2018-10-25 16:21:49,,ja,,,36,13,„Åã„Çè„Åõ„Åø„ÅÆ„Çà„ÅÜ„Å´„Å≤„Å£„Åù„Çä„Å®Ëá™Áî±„Å´ÁæΩ„Å∞„Åü„ÅÑ„Å¶„ÅÑ„Åü„ÅÑÂ§ßÂ≠¶Èô¢Áîü„ÅÆË∂£Âë≥„Ç¢„Ç´„Ç¶„É≥„Éà„ÄÇ„Éó„É≠„Ç∞„É©„Éü„É≥„Ç∞ÁøíÂæó‰∏≠„ÅÆ‰∫∫„ÄÅÂÖ±„Å´È†ëÂºµ„Çä„Åæ„Åó„Çá„ÅÜÔºÅ / Like: Pythonüíª / Ë™≠Êõ∏üìñ / Â§©‰ΩìË¶≥Ê∏¨üî≠/ Photoüì∑ #CanonEOSkissx7 /Anime #ÈßÜ„ÅëÂá∫„Åó„Ç®„É≥„Ç∏„Éã„Ç¢„Å®Áπã„Åå„Çä„Åü„ÅÑ,,1053386776448909312,2018-10-19 20:45:53,False,False,,0,40,False,,65,False,„Åã„Çè„Åõ„Åø@PythonÂãâÂº∑‰∏≠,en,Kawase_33,False,000000,http://pbs.twimg.com/profile_images/1053389193764777984/HVStzxpp_normal.jpg,,1055494649907896320,0,False,Twitter Web Client,False,0
my knowledge on Python is great,2018-10-25 16:21:49,,en,,,0,103766,,,3957318868,2015-10-14 16:15:17,False,False,,3,21,False,,2,True,benito,en,babypandacute,True,C0DEED,http://pbs.twimg.com/profile_images/656115019583721472/CvuElY-Y_normal.jpg,,1055494651690532864,0,False,"Cheap Bots, Done Quick!",False,0
@Team17Ltd FUN STORY: I went to a fairly stringent religious college ... that outlawed any games rated T and above.‚Ä¶ https://t.co/geEPeiWrS8,2018-10-25 16:21:49,,en,,,7220,13650,Senior Information Architect for Xfinity Home. Introvert who talks too much. I love Jesus. I love you.,"Philadelphia, PA",14286633,2008-04-02 19:27:23,False,False,http://chrisrackley.co,93,827,False,,326,False,Christopher Rackley,en,ChrisRackley,True,000000,http://pbs.twimg.com/profile_images/647463198782791680/-mU44jP8_normal.jpg,,1055494650566451202,0,False,Twitter Web Client,False,0
I can't understand what's going on between the two opposing leaders ...darkness has nothing to do with light....ope‚Ä¶ https://t.co/00su0KDLaf,2018-10-25 16:21:50,,en,,,2812,245,A brilliant and well trained Certified Marketer and Public Relations Builder .,"Lagos, Nigeria",861426198613815296,2017-05-08 03:43:05,False,False,,0,234,False,,1537,True,Abjack,en,AbbeyDare5,True,F5F8FA,http://pbs.twimg.com/profile_images/903278116939943939/vf5tr2kF_normal.jpg,,1055494653275979776,0,False,Twitter for Android,False,0
"@verobeeee I agree with exactly two of your picks, lol. (Monty Python)",2018-10-25 16:21:51,,en,,,47186,63813,"anti-oppression, pro-choice, also comics are my life now? she/her

profile and header art credit unknown",Bound by the arrow of time,172987776,2010-07-31 03:35:41,False,False,,43,629,False,,310,False,Spooky Scary SkeleJen,en,JustifiedBagel,False,000000,http://pbs.twimg.com/profile_images/1054937805460107264/9qrZQHEp_normal.jpg,,1055494657449222144,0,False,Twitter for iPhone,False,0
@richardaspake @IAmDeathRay @EthanVanSciver @FBI @Indiegogo Laughing at King Arthur's fight with the Black Knight i‚Ä¶ https://t.co/GAsvncxH7I,2018-10-25 16:21:51,,en,,,9600,2818,"I created AMPUTHEATRE: The World's Goriest Board Game, write and draw Perky & Slick, and build pipe cleaner monsters under Chenille Macabre. And yay, spiders.",The Norse Monkey Fortress,1231247400,2013-03-01 20:16:31,False,False,https://www.fiendweavers.com/,7,165,False,,483,False,The Gil of the House of Usher,en,the_gil_monster,False,000000,http://pbs.twimg.com/profile_images/832958405107187714/iUEH14tp_normal.jpg,,1055494658804072448,0,False,Twitter Web Client,False,0
"@RiffTrax Monty Python and the Holy Grail... 
or even..
Cool Hand Luke!

Those (Although good movies) would be a great movies to Riff..!",2018-10-25 16:21:55,,en,,,235,42,"A lot of different and unique content both live and in the form of Youtube vlogs!
Stay tuned for updates and for new stuff being added! ü§î",United States,733399926,2012-08-02 19:26:12,False,False,https://tinbuzzardblog2.blogspot.com/,6,36,False,,137,False,Tin Buzzard,en,TinBuzzard,False,C0DEED,http://pbs.twimg.com/profile_images/1013444620863148033/K6QuL__-_normal.jpg,,1055494674230792193,0,False,Twitter Web Client,False,0
ÁµêÂ±ÄPython„Å£„Å¶‰Ωï„Åå„Åß„Åç„Çì„ÅÆÔºü,2018-10-25 16:22:04,,ja,,,1505,2124,COPEN Robe S‰πó„Å£„Å¶„Åæ„Åô,ÂÖµÂ∫´ ÊÑõÁü• Êù±‰∫¨,432431502,2011-12-09 11:38:07,False,False,,1,175,False,,323,True,NOMO,ja,yout_ta,True,C0DEED,http://pbs.twimg.com/profile_images/1021616765812404225/UheidgTc_normal.jpg,,1055494715074727936,0,False,Twitter for iPhone,False,0
"Very excited to announce our Software Developer @pippinlee will be presenting on his passion project, space2vec, at‚Ä¶ https://t.co/uUIdGXamtr",2018-10-25 16:22:16,,en,,,127,305,"Dessa collaborates with enterprise teams across industries to blueprint, build and deploy customized AI systems that reinvent what‚Äôs possible for business.","Toronto, Ontario",4179658036,2015-11-13 15:21:31,False,False,http://www.dessa.com,22,680,False,,395,False,Dessa,en,dessa,False,000000,http://pbs.twimg.com/profile_images/1006014123618914305/wTn3e9Cn_normal.jpg,,1055494765364568064,0,False,Twitter Web Client,False,0
Here a good place to learn #Python https://t.co/kYMiFC0CFX,2018-10-25 16:22:18,,en,,,2170,2316,"GWU Ms. Computer Science.  Cloud, PM, programmer,  Web designer, Unix.  EdTech, Ô£ø ADS, online learning, instructional design, LMS, gamification, ...",Mexico,68405421,2009-08-24 13:20:40,False,False,,58,459,False,,695,False,martha sanchez,en,professormartha,True,0099B9,http://pbs.twimg.com/profile_images/992589442580930560/vjXIit8R_normal.jpg,,1055494770653577216,0,False,Twitter Web Client,False,0
"I have Maths and Programming and it makes me want to die 
(If you're good at programming pls help i'm currently studying Python)",2018-10-25 16:22:25,,en,,,13300,7362,"‚ú© Àö ‚àó ‚úß * À≥ Designer ~ Overwatch, League & WoW enjoyer ‚ô° {insert cute jungler @ here} u‚ú© Àö ‚àó ‚úß * À≥",www.paypal.me/aerya ‚ú© Àö ‚àó ‚úß * ,802919713709953025,2016-11-27 16:59:12,False,False,http://www.behance.net/Aerya,5,1884,False,,394,False,Brat ‚ô°,en-gb,aaerya,False,000000,http://pbs.twimg.com/profile_images/1051256182634102784/vzfLD3Nu_normal.jpg,,1055494800563232768,0,False,Twitter Web Client,False,0
@JackieHorrorsho @BlackestWoman Wait...I just thought this was another Monty Python movie. Shit was hilarious,2018-10-25 16:22:47,,en,,,53589,40165,Artist. Fartist. Meme enthusiast. Caffeine addict. Voice actor. Are you really still reading this? Icon by @Trousers_Tavern,Some kinda desert-swamp,2183476596,2013-11-09 03:11:03,False,False,,14,329,False,,188,True,üëëEmperor üÖ±est üÖ±ald üÖ±oy,en,ThePatMann,False,C0DEED,http://pbs.twimg.com/profile_images/1018341187349045248/uzdkH08b_normal.jpg,,1055494894159040512,0,False,Twitter for Android,False,0
Python is English.,2018-10-25 16:22:56,,cy,,,1491,101684,,Barrain,75235603,2009-09-18 08:49:11,False,False,,17,1317,False,,718,False,Not so big J,en,Jire_,True,1A1B1F,http://pbs.twimg.com/profile_images/980366133743312897/gGCTnuSe_normal.jpg,,1055494930775322626,0,False,Twitter for iPhone,False,0
Day 32/100: Trying to mimic netcat in python #blackhatpython .Will have to revisit the code everyday to be able to‚Ä¶ https://t.co/h7u4Fvnp7x,2018-10-25 16:23:06,,en,,,558,167,Cyber Security Student @harareinstitute|Currently interning @dimensiondata @ZimboPy|Co-founder @Hitpydev| Catholic|Pythonista|Hacker|Blogger|Ice cream above all,Zimbabwe,1020232990843170816,2018-07-20 09:04:34,False,False,,1,103,False,,201,True,Tsitsi Flora Munikwa,en,tsitsimunikwa97,False,F5F8FA,http://pbs.twimg.com/profile_images/1053263604751970305/cBujb8jj_normal.jpg,,1055494973691518976,0,False,Twitter for Android,False,0
„Éö„ÉÉ„Éë„ÉºÂêõ„Çípython„ÅßÔæåÔæüÔæñÔΩ∏ÔæûÔæîÔæêÔæù„Åô„Çã„ÅÆ„Åò„Åø„Å´Èù¢ÁôΩ„Åã„Å£„Åü„Çì„Å†„Åå„Å™„ÅÅ„ÄÇ„Çπ„ÇØ„É©„ÉÉ„ÉÅ„Åø„Åü„ÅÑ„Å™Á∞°Âçò„Å™„ÇÑ„Å§„ÇÑ„Å£„Åü„Åë„Å©,2018-10-25 16:23:10,,ja,,,27661,46108,"PSO2-ship9Ôºö„É™„ÉÜ„Ç£„Ç¢„Éº                                         FGO„ÇÇ„É©„Ç§„Éà„É¶„Éº„Ç∂„Å™„Åå„Çâ„ÇÑ„Å£„Å¶„Åæ„Åô

esÂæ©Â∏∞(„Å®Ë®Ä„Å£„Å¶„ÅÑ„ÅÑ„ÅÆ„Åã)‰ºëÊó•ÂÖ•„Çä„Åæ„Åô",Êó•Êú¨,1309866510,2013-03-28 08:43:04,False,False,,7,136,False,,135,True,„É™„ÉÜ„Ç£„Ç¢„Éº@ship09,ja,MySpecialReason,True,C0DEED,http://pbs.twimg.com/profile_images/541205016887820289/8NYC20AT_normal.png,,1055494991340945408,0,False,Twitter for Android,False,0
"RT: @adafruit
Python on hardware! 01 @adafruit #adafruit @circuitpython @micropython #python #MadeWithMu @ThePSF‚Ä¶ https://t.co/tjCyA4F8nf",2018-10-25 16:23:30,,cy,,,2056,9263,Weather Station Info and more etc ...,"Kendall, FL",1017199136121217026,2018-07-12 00:09:07,False,False,,0,18,False,,13,False,KFLMIAMI420,en,kflmiami420,False,000000,http://pbs.twimg.com/profile_images/1024788680895070208/WvmA-Fy__normal.jpg,,1055495073318629376,0,False,IFTTT,False,0
"RT: @adafruit
Python on hardware! 01 @adafruit #adafruit @circuitpython @micropython #python #MadeWithMu @ThePSF‚Ä¶ https://t.co/I7BJeadTqv",2018-10-25 16:23:30,,cy,,,2056,9264,Weather Station Info and more etc ...,"Kendall, FL",1017199136121217026,2018-07-12 00:09:07,False,False,,0,18,False,,13,False,KFLMIAMI420,en,kflmiami420,False,000000,http://pbs.twimg.com/profile_images/1024788680895070208/WvmA-Fy__normal.jpg,,1055495075793432576,0,False,IFTTT,False,0
@roman_ybarra But Bean and Python love Cheerios  and oatmeal!! üò±üò±,2018-10-25 16:23:50,,en,,,2952,3285,You wouldn't like it if I pulled a you on you.,Deep in the heart of Texas!,746614236,2012-08-09 05:33:20,False,False,,2,692,False,,1569,True,Mary Ann Solomon,en,solomon0711,False,C0DEED,http://pbs.twimg.com/profile_images/1047106068806033408/7GRN-dkR_normal.jpg,,1055495159864025089,0,False,Twitter for iPhone,False,0
RT DataScienceCtrl: Should Python Become Your Official Corporate Language - Along With English? https://t.co/1Tamujs4cY,2018-10-25 16:23:58,,en,,,41,87623,". Designing #sales & #marketing strategies 
¬∑ Building #channelpartner relationships
¬∑ Developing strong pipelines using #SocialNetworking and #Emailmarketing","Bengaluru, India",824150935828135936,2017-01-25 07:04:29,False,False,https://in.linkedin.com/in/mohammed-basha-6b2030b5,45,174,False,,43,False,Mohammed Basha,en,MDFBasha,False,000000,http://pbs.twimg.com/profile_images/1047515308250910725/orUYwnyD_normal.jpg,,1055495193405911041,0,False,IFTTT,False,0
Linux Commands for Networking Configuration and Troubleshooting for Network Engineers https://t.co/3qHULSKxQu‚Ä¶ https://t.co/lD2rCb2PWx,2018-10-25 16:24:01,,en,,,0,984,Network Engineers: Transform Your Skillset and Level Up Your Professional Career by Embracing #NetDevOps & Network Automation at-scale. Let's do it together.,"San Francisco, CA",905954571293409281,2017-09-08 00:42:56,False,False,https://www.fullstacknetworking.com,2,82,False,,6,False,FullStack Networking,en,fullsnetworking,False,000000,http://pbs.twimg.com/profile_images/907658085438709761/KtBKceS__normal.jpg,,1055495206106058753,0,False,drumup.io,False,0
"Pandas Cookbook: Recipes for Scientific Computing, Time Series Analysis and Data Visualization using Python  https://t.co/31HP1CAi6l",2018-10-25 16:24:28,,en,,,17710,32498,data scientist @DATAFYiNG. i do = data science + ai + lifelong learning + shopping + traveling + many more ya,Melbourne & Sydney,2723241253,2014-08-11 05:12:19,False,False,http://datafying.com.au,294,15984,False,,11353,False,Wenüë©üèª‚Äçüíª,en-gb,DD_Wen_,False,000000,http://pbs.twimg.com/profile_images/863271752327024640/d5zrm_R5_normal.jpg,,1055495318165311494,0,False,WEN_DD_App_2,False,0
RT: DataScienceCtrl Should Python Become Your Official Corporate Language - Along With English? https://t.co/20vVCPFKqn,2018-10-25 16:24:45,,en,,,520,2650,,"North-East Region, Singapore",815913527722422276,2017-01-02 13:31:58,False,False,,1,33,False,,227,True,Shyam,en,shyamprasad_n,False,F5F8FA,http://pbs.twimg.com/profile_images/958302662893617152/79hVX43r_normal.jpg,,1055495387828629511,0,False,IFTTT,False,0
Looking for a Senior Developer (5+ yrs) for a 6-month Contract-To-Hire position in OKC. You will be a lead for the‚Ä¶ https://t.co/mM7TrlxpLx,2018-10-25 16:24:50,,en,,,0,1207,"Addison Group IT Recruiter.  We specialize in connecting Help desk, Systems Admins, Developers, Project Managers and more with our great clients here in OKC!","Oklahoma City, OK",4567833913,2015-12-15 17:37:47,False,False,http://www.addisongroup.com,11,195,False,,177,False,Cassie,en,CassieOKCIT,False,000000,http://pbs.twimg.com/profile_images/676823372160872448/AXDxE5tk_normal.jpg,,1055495408221372416,0,False,LinkedIn,False,0
"Practical Text Classification With #Python and #Keras
https://t.co/INitYz9cQf #MachineLearning",2018-10-25 16:25:10,,en,,,129,1067,School of Data Science and Engineering. Education project of @Persontyle Reimagining Learning.,London,2456674142,2014-04-21 14:19:45,False,False,http://www.persontyle.com,185,1752,False,,101,False,Data Science & Engineering,en-gb,schooltds,False,131516,http://pbs.twimg.com/profile_images/1000749169601105920/ml-nI0B9_normal.jpg,,1055495494699544577,0,False,Twitter for Android,False,0
"Natural Language Processing with Deep Learning in Python

‚òû https://t.co/iyCpwwIrTS

#python #DeepLearning https://t.co/2DAF7ILHbS",2018-10-25 16:25:14,,en,,,1,2277,,,728141518263869441,2016-05-05 08:37:20,False,False,,11,155,False,,371,True,Programming Central,en,BrownsJoann,False,F5F8FA,http://pbs.twimg.com/profile_images/728141784342089729/d7AqzQn6_normal.jpg,,1055495509555724288,0,False,IFTTT,False,0
#video #raspberrypi with #redis and @monkmakes clever card kit - transit pass demo https://t.co/tBAuzqBWEj #python #nodejs,2018-10-25 16:25:22,,en,,,17225,25042,"Software professional, specializing in IoT, Node, mobile web & apps. Atheist, electronics hobbyist. Views are mine buy your own.  Also aviation, cars & hockey.","San Diego, CA",16289464,2008-09-15 00:33:52,False,False,https://medium.com/@simon_prickett/,205,808,False,,1656,False,Simon Prickett üá™üá∫,en,simon_prickett,True,C0DEED,http://pbs.twimg.com/profile_images/593590919116492800/9GuLNiqi_normal.jpg,,1055495542808014848,0,False,Twitter Web Client,False,0
We've released new optimized Python docker images for 3.6.7 and 3.7.1.  Way smaller and a bit faster than the offic‚Ä¶ https://t.co/sVHfPJVhMU,2018-10-25 16:25:23,,en,,,307,1237,"A consultancy specializing in building and scaling Python, Django,  PostgreSQL,  and related Open Source technologies.","Lawrence, KS",22161061,2009-02-27 17:04:30,False,False,http://revsys.com/,148,2265,False,,491,False,Revolution Systems,en,revsys,False,FFFFFF,http://pbs.twimg.com/profile_images/915928618840285185/sUdRGIn1_normal.jpg,,1055495549460328448,0,False,Buffer,False,0
Kierowcy wziƒôci prosto z ulicy? No bo jak to inaczej wyja≈õniƒá?,2018-10-25 16:25:31,,pl,,,75745,14433,"~Mo≈ºesz nie interesowaƒá siƒô politykƒÖ, ale ona i tak zainteresuje siƒô TobƒÖ~Katolik i konserwatysta~Politologia, @WSKSiM~Nie tolerujƒô hipokryzji i braku kultury~",Toru≈Ñ/Lubawa,1277520600,2013-03-18 11:48:46,False,False,,6,548,False,,1942,False,Wojciech Andrzej Grzywacz,pl,Wojtek_Grzywacz,True,000000,http://pbs.twimg.com/profile_images/1054030474711089152/cE8yk-uH_normal.jpg,,1055495580489867264,0,False,Twitter Web Client,False,0
DataScienceCtrl: Should Python Become Your Official Corporate Language - Along With English? https://t.co/K5HuRBGUOq,2018-10-25 16:25:36,,en,,,9547,114812,"#dataanalyst, #riskanalyst, #insurance, retweets & likes are not endorsements","Texas, USA",701737024,2013-10-05 02:41:24,False,False,,5,420,False,,2811,True,Fally Sombo Nkhwazi,en,FallySomboNkhwa,False,C0DEED,http://pbs.twimg.com/profile_images/543761133505503235/pKcg8bc2_normal.jpeg,,1055495602077949954,0,False,IFTTT,False,0
"@FlatSlugbrains @UnCastellsMes @HoloBuzz Nice, looks a lot like a mix of languages, very nice indeed. If you know (‚Ä¶ https://t.co/Vxz9hhKJze",2018-10-25 16:26:01,,en,,,54115,50707,üêßT6,,722309651715518464,2016-04-19 06:23:35,False,False,,23,376,False,,212,True,Cobra El Diablo üêßT6,en,CobraElDiablo,False,F5F8FA,http://pbs.twimg.com/profile_images/1042103444394455040/H6dwTtZs_normal.jpg,,1055495705559789573,0,False,Twitter Web Client,False,0
[Full-time] Python Developer (Junior - Senior) at Recruit Digital https://t.co/ufDDJOaPTq,2018-10-25 16:26:05,,en,,,18,12636,"A resource for companies and job seekers in the tech, media and marketing sector in the broader emerging market sector.",South Africa,320672756,2011-06-20 09:53:08,False,False,http://www.jobsburn.com,33,1153,False,,162,False,Jobsburn,en,Jobsburn,True,FFFFFF,http://pbs.twimg.com/profile_images/768741170616958976/JUAJ-4nn_normal.jpg,,1055495722554949632,0,False,dlvr.it,False,0
"Whatcha gonna do, America, when the Burmese python invasion runs wild over you? https://t.co/kro0Wc9Vd2",2018-10-25 16:26:18,,en,,,0,1135,"Done exploring the world‚Ä¶ now dealing with it. UF Gator. Recipient of 9 ""#1 Dad"" coffee mugs. Occasionally unreliable. Easily distracte","Parkland, FL",1616123761,2013-07-23 21:01:21,False,False,,11,980,False,,185,False,Broward Gator,en,BrowardGator,False,1A1B1F,http://pbs.twimg.com/profile_images/1006203042868416517/I24HaT3W_normal.jpg,,1055495777706012672,0,False,Zapier.com,False,0
#Python &amp; #kdb+ developers can now fuse both technologies with #embedPy &amp; obtain the power of kdb+ while using Pyth‚Ä¶ https://t.co/bpQLRXGQSD,2018-10-25 16:26:25,,en,,,178,108,"American living in Northern Ireland.
Animal lover, adventurer & tech enthusiast.

Currently working for Kx & FD
All views are my own.

ü§ì",Northern Ireland,910230100200886273,2017-09-19 19:52:22,False,False,,1,75,False,,316,True,Jordan Hendricks,en,whatjordandoes,False,F5F8FA,http://pbs.twimg.com/profile_images/922783989039017985/zTfK3XXF_normal.jpg,,1055495808299212800,0,False,Twitter Web Client,False,0
How to write your favorite R functions in Python https://t.co/wF9HIpmz4H,2018-10-25 16:26:31,,en,,,3561,2944,,"San Luis Potos√≠, M√©xico",114508181,2010-02-15 17:10:43,False,False,,3,68,False,,113,True,Hector Isais,en,hisais,False,C0DEED,http://pbs.twimg.com/profile_images/860694204/Romulan1_normal.jpg,,1055495834521952256,0,False,Twitter for iPad,False,0
#Python &amp; #kdb+ developers can now fuse both technologies with #embedPy &amp; obtain the power of kdb+ while using Pyth‚Ä¶ https://t.co/VA7vf4068y,2018-10-25 16:26:58,,en,,,586,130,,,4115801140,2015-11-05 00:36:47,False,False,,1,101,False,,153,False,Shivani Seth,en,shivseth93,False,FFF04D,http://pbs.twimg.com/profile_images/662076571323379712/IgwLCRyF_normal.jpg,,1055495948510605312,0,False,Twitter Web Client,False,0
I liked a @YouTube video https://t.co/vH3rAQSLhq Monty Python - Sit on My Face (Official Lyric Video),2018-10-25 16:27:07,,en,,,5295,2451,"Saints fan and avid f1 fan
#mufc forever","Clapham, Bedford",273656345,2011-03-28 22:36:02,False,False,,1,52,False,,71,True,Michael Rogers,en,MichaelDR12191,False,C0DEED,http://pbs.twimg.com/profile_images/997066209190383616/ITRS72U0_normal.jpg,,1055495984929751040,0,False,Google,False,0
"Ahora es posible ejecutar nuestros modelos de optimizaci√≥n formulados en OPL desde R, utilizando #doopl. #CPLEX‚Ä¶ https://t.co/1VqEUyexjx",2018-10-25 16:27:07,,es,,,763,279,"Magister en Ingenier√≠a Industrial, CEO at @Smart_BP, Analytics and Decision Optimization Professional. Operation Research, Prescriptive Analytics, Entrepreneur","Bogot√°, D.C., Colombia",128724853,2010-04-02 01:07:57,False,False,http://www.smart-bp.com,10,235,False,,506,False,Carlos M Socarr√°s,es,CarlosSocarras,True,000000,http://pbs.twimg.com/profile_images/877251133001142273/uJ7tBqcR_normal.jpg,,1055495986410332160,0,False,Twitter Web Client,False,0
